<?xml version="1.0" encoding="utf-8"?>
<extension type="component" version="4.0" method="upgrade">
    <name>com_icode_clientes</name>
    <creationDate>2025-10-18</creationDate>
    <copyright>2025 Rogerio Brito</copyright>
    <license>GNU General Public License versão 2 ou posterior; consulte o arquivo License. txt</license>
    <author>Rogerio Brito</author>
    <authorEmail>rogerio.brito@intercode.com.br</authorEmail>
    <authorUrl>http://</authorUrl>
    <version>CVS: 1.0.0</version>
    <description></description>
    <namespace path="src">Icodeclientes\Component\Icode_clientes</namespace>
    
    <scriptfile>script.php</scriptfile>
    
    <install> <!-- Runs on install -->
        <sql>
            <file driver="mysql" charset="utf8">sql/install.mysql.utf8.sql</file>
        </sql>
    </install>
    <update> <!-- Runs on update -->
        <schemas>
            <schemapath type="mysql">sql/updates</schemapath>
        </schemas>
    </update>
    <uninstall> <!-- Runs on uninstall -->
        <sql>
            <file driver="mysql" charset="utf8">sql/uninstall.mysql.utf8.sql</file>
        </sql>
    </uninstall>

    

    <files folder="site">
        <folder>src</folder>
        <folder>forms</folder>
        <folder>tmpl</folder>
    </files>
    <media destination="com_icode_clientes" folder="media">
        <folder>css</folder>
        <folder>js</folder>
        <filename>joomla.asset.json</filename>
    </media>
    <languages folder="site/languages">
        
			<language tag="en-GB">en-GB/com_icode_clientes.ini</language>
			<language tag="pt-BR">pt-BR/com_icode_clientes.ini</language>
    </languages>
    <administration>
        <menu>COM_ICODE_CLIENTES</menu>
        <submenu>
            
			<menu link="option=com_icode_clientes&amp;view=clientes" view="clientes" alt="Icode_clientes/Clientes">COM_ICODE_CLIENTES_TITLE_CLIENTES</menu>

        </submenu>
        <files folder="administrator">
            <filename>access.xml</filename>
            <filename>config.xml</filename>
            <folder>forms</folder>
            <folder>src</folder>
            <folder>tmpl</folder>
            <folder>services</folder>
            <folder>presets</folder>
            <folder>sql</folder>
        </files>
        <languages folder="administrator/languages">
            
			<language tag="en-GB">en-GB/com_icode_clientes.ini</language>
			<language tag="en-GB">en-GB/com_icode_clientes.sys.ini</language>
			<language tag="pt-BR">pt-BR/com_icode_clientes.ini</language>
			<language tag="pt-BR">pt-BR/com_icode_clientes.sys.ini</language>
        </languages>
    </administration>
    <config>
        <fields name="params">
            <fieldset name="component">
                <field name="save_history" default="0" />
            </fieldset>
        </fields>
    </config>
    <plugins>
		<plugin group="finder" plugin="icode_clientesclientes"/>
    </plugins>
    

    <updateservers>
        <server type="extension" priority="1" name="com_icode_clientes">https://nocdn.component-creator.com/index.php?task=builder.preupdatecheckhook&amp;option=com_combuilder&amp;component=MTM2OC0yMTY0MTk</server>
    </updateservers>
</extension>
<!-- Component built by the Joomla Component Creator -->
<!-- http://www.component-creator.com/ -->
